Story;Task;Estimate min (hr);Estimate max (hr);Actual;Comment
LLM Lab - AI Response Quality Analyzer;Project Planning and Architecture Design;0.5;1;;Requirements analysis tech stack decisions database schema wireframes
LLM Lab - AI Response Quality Analyzer;Environment Setup - Full Stack Configuration;0.5;1;;Initialize monorepo Next.js 15 Express TypeScript Tailwind Prisma SQLite
LLM Lab - AI Response Quality Analyzer;Backend - Database Schema and Infrastructure;0.25;0.5;;Prisma models migrations logging error handling rate limiting
LLM Lab - AI Response Quality Analyzer;Backend - Session and API Services;0.5;1;;SessionService ExperimentService API routes validation
LLM Lab - AI Response Quality Analyzer;Backend - LLM Integration with Vercel AI SDK;0.5;1.5;;Mistral API integration parameter controls error handling
LLM Lab - AI Response Quality Analyzer;Backend - Quality Metrics Implementation (All 7 Metrics);1;2;;Length Coherence Structure Readability Completeness Specificity + overall score
LLM Lab - AI Response Quality Analyzer;Frontend - Core Setup and State Management;0.5;1;;SessionContext TanStack Query hooks component architecture
LLM Lab - AI Response Quality Analyzer;Frontend - Landing Page and Navigation;0.5;1;;Hero section Navbar Footer premium design floating artifacts
LLM Lab - AI Response Quality Analyzer;Frontend - Experiment Interface and Controls;1;2;;PromptInput ParameterControls dual-range sliders presets
LLM Lab - AI Response Quality Analyzer;Frontend - Response Display Components;1;2;;ResponseGrid ResponseCard QualityBar MetricsBadges MetricsBreakdown tooltips
LLM Lab - AI Response Quality Analyzer;Frontend - History and Detail Pages;0.5;1.5;;Experiment history table detail page sorting filtering
LLM Lab - AI Response Quality Analyzer;Frontend - Export Functionality;0.5;1;;JSON CSV Markdown exporters with file download
LLM Lab - AI Response Quality Analyzer;Frontend - Loading States and Error Handling;0.5;1;;Skeletons progress indicators toast notifications
LLM Lab - AI Response Quality Analyzer;UI/UX Polish and Animations;0.5;1;;Design tokens micro-interactions typography spacing button states
LLM Lab - AI Response Quality Analyzer;Accessibility Implementation;0.5;1;;Keyboard navigation ARIA labels WCAG AA contrast screen reader testing
LLM Lab - AI Response Quality Analyzer;Responsive Design - Mobile and Tablet;0.5;1.5;;Mobile layouts (<768px) tablet (768-1024px) touch optimization
LLM Lab - AI Response Quality Analyzer;Testing - Manual QA and Cross-Browser;0.5;1;;E2E testing parameter validation export testing Chrome Firefox Safari
LLM Lab - AI Response Quality Analyzer;Code Quality and Refactoring;0.25;0.5;;TypeScript fixes code review cleanup remove unused code
LLM Lab - AI Response Quality Analyzer;Documentation - Comprehensive Project Docs;0.5;1.5;;Root README backend/frontend docs metrics rationale API docs design decisions
LLM Lab - AI Response Quality Analyzer;Deployment - Backend and Frontend;0.5;1.5;;Railway/Render backend Vercel frontend env config production testing
LLM Lab - AI Response Quality Analyzer;Demo Video - Script Research and Recording;1;2;;Plan script record walkthrough explain metrics discuss technical decisions
LLM Lab - AI Response Quality Analyzer;Demo Video - Editing and Publishing;0.5;1;;Edit trim add captions upload to YouTube/Loom
LLM Lab - AI Response Quality Analyzer;Final QA and Submission;0.5;1;;Final testing verify requirements prepare submission package
LLM Lab - AI Response Quality Analyzer;Contingency - Buffer for Unknowns;0.5;1;;Technical issues deployment problems video retakes scope refinement
LLM Lab - AI Response Quality Analyzer;ACTUAL TOTAL TIME SPENT;;;;Real time logged from start to current state (includes all completed work above)